文献番号,出願番号,出願日,公知日,発明の名称,出願人/権利者,FI,公開番号,公告番号,登録番号,審判番号,その他,ステージ,イベント詳細,文献URL,要約,請求の範囲
特開2025-163172,特願2025-129934,2025/8/4,2025/10/28,プログラム、システム、および、方法,任天堂株式会社,"G06F3/0354,451,A63F13/211,A63F13/213,A63F13/235",特開2025-163172,,,,,審査中,公開公報の発行,https://www.j-platpat.inpit.go.jp/c1801/PU/JP-2025-163172/11/ja,"【課題】ユーザの実際のマウス操作を正確に反映しないマウスセンサ出力によって、ユーザの意図しない処理が実行される可能性があること。
【解決手段】プログラムは、コンピュータに、マウスセンサを有するコントローラが接地していない状態から接地している状態になったことを少なくとも含む実行条件が満たされたとき、コントローラが有する慣性センサの出力を少なくとも用いてオブジェクトを制御させる。","【請求項１】
  コンピュータを、
    コントローラが有するマウスセンサの出力を用いてオブジェクトを制御する手段、
前記コントローラが接地していない状態から接地している状態になったことを判定する手段、
    前記コントローラが接地していない状態から接地している状態になったことが判定されたことを少なくとも含む実行条件が満たされたことを判定する手段、
    前記実行条件が満たされたとき、前記コントローラが有する慣性センサの出力を少なくとも用いて前記オブジェクトを制御する手段、
として機能させるプログラム。
【請求項２】
  前記コンピュータを、
    前記慣性センサの出力に基づいて、前記コントローラの速度に関するパラメータを算出する手段として機能させ、
  前記実行条件は、前記コントローラが接地していない状態から接地している状態になったときの前記パラメータが第１閾値よりも大きいと判定されたことを含む、
請求項１に記載のプログラム。
【請求項３】
  前記コンピュータを、
    前記コントローラが接地している状態になってからの前記パラメータが、第２閾値よりも小さいことに基づいて、前記慣性センサの出力を用いた前記オブジェクトの制御を終了する手段として機能させる、
請求項２に記載のプログラム。
【請求項４】
  前記コンピュータを、
    前記コントローラが接地していない状態から接地している状態になったときの前記パラメータに基づいて前記第２閾値を算出する手段として機能させる、
請求項３に記載のプログラム。
【請求項５】
  前記コンピュータを、
    前記コントローラが接地していない状態から接地している状態になってからの、接地の継続時間が第３閾値よりも大きいことに基づいて、前記慣性センサの出力を用いた前記オブジェクトの制御を終了する手段として機能させる、
請求項１に記載のプログラム。
【請求項６】
  前記実行条件は、前記コントローラが接地している状態になる直前の、前記コントローラが接地していない状態の継続時間が、第４閾値よりも大きいことを含む、
請求項１に記載のプログラム。
【請求項７】
  前記コンピュータを、
    前記慣性センサの出力に基づいて、前記コントローラの速度に関するパラメータを算出する手段として機能させ、
  前記実行条件は、
    前記速度に関するパラメータが示す前記コントローラの移動方向が、第１方向と当該第１方向の反対の第２方向のうち、第１方向を示す一方で、前記マウスセンサの出力が示す前記コントローラの移動方向が、前記第１方向に対応する第３方向と当該第３方向の反対であって前記第２方向に対応する第４方向のうちの当該第４方向を示すことを含み、
  前記速度に関するパラメータが示す前記コントローラの移動方向が、前記第２方向を示す一方で、前記マウスセンサの出力が示す前記コントローラの移動方向が、前記第３方向を示すことを含まない、
請求項１に記載のプログラム。
【請求項８】
  前記コンピュータを、
    前記オブジェクトを、前記マウスセンサの出力が示す方向に対応する方向に、前記マウスセンサの出力が示す移動量に対応する制御量、制御する手段、
    前記実行条件が満たされたとき、前記オブジェクトを、前記慣性センサの出力が示す方向に対応する方向に、前記マウスセンサの出力が示す移動量に対応する制御量、制御する手段、
として機能させる、
請求項１から７のいずれか１項に記載のプログラム。
【請求項９】
  コントローラと装置とを含むシステムであって、
  前記コントローラは、
    マウスセンサと慣性センサを有し、
    前記マウスセンサの出力と慣性センサの出力を送信するように構成され、
  前記装置は、
    前記マウスセンサの出力と前記慣性センサの出力を受信し、
    前記マウスセンサの出力を用いてオブジェクトを制御し、
    前記コントローラが接地していない状態から接地している状態になったことを判定し、
    前記コントローラが接地していない状態から接地している状態になったことが判定されたことを少なくとも含む実行条件が満たされたことを判定し、
    前記実行条件が満たされたとき、前記慣性センサの出力を少なくとも用いて前記オブジェクトを制御するように構成される、
システム。
【請求項１０】
  コントローラのマウスセンサの出力を取得すること、
  前記コントローラの慣性センサの出力を取得すること、
  前記マウスセンサの出力を用いてオブジェクトを制御すること、
  前記コントローラが接地していない状態から接地している状態になったことを判定すること、
  前記コントローラが接地していない状態から接地している状態になったことが判定されたことを少なくとも含む実行条件が満たされたことを判定すること、
前記実行条件が満たされたとき、前記慣性センサの出力を少なくとも用いて前記オブジェクトを制御することを、
含む方法。"
特開2025-162496,特願2024-131117,2024/8/7,2025/10/27,情報処理システム、情報処理方法、端末、およびプログラム,任天堂株式会社,"A63F13/655,A63F13/87,A63F13/213,A63F13/52",特開2025-162496,,,,,審査中,公開公報の発行,https://www.j-platpat.inpit.go.jp/c1801/PU/JP-2025-162496/11/ja,"【課題】カメラ画像の取扱いに関して、ユーザが意図しない状況が生じることを抑制する。
【解決手段】情報処理システムは、同一のグループに所属する、第１端末および第２端末を含む複数の端末間のデータ通信を制御する通信制御部と、同一のグループに所属するいずれかの端末に対応するカメラのカメラ画像を取得するカメラ画像取得部と、ユーザ操作に応じて、第２端末における、少なくとも第２端末以外の端末に対応するカメラのカメラ画像の表示の制限を設定する制限設定部と、第１端末におけるユーザ操作に応じてゲーム処理を実行し、第１ゲーム画像および第１情報を出力するゲームアプリケーション実行部と、表示の制限の設定および第１情報に基づいて、第２端末における第１ゲーム画像の表示態様を決定する表示態様決定部とを含む。","【請求項１】
  情報処理システムであって、
  同一のグループに所属する、第１端末および第２端末を含む複数の端末間のデータ通信を制御する通信制御部と、
  前記同一のグループに所属するいずれかの端末に対応するカメラのカメラ画像を取得するカメラ画像取得部と、
  ユーザ操作に応じて、前記第２端末における、少なくとも前記第２端末以外の端末に対応するカメラのカメラ画像の表示の制限を設定する制限設定部と、
  前記第１端末におけるユーザ操作に応じてゲーム処理を実行し、第１ゲーム画像および第１情報を出力するゲームアプリケーション実行部と、
  前記表示の制限の設定および前記第１情報に基づいて、前記第２端末における前記第１ゲーム画像の表示態様を決定する表示態様決定部とを備える、情報処理システム。
【請求項２】
  前記ゲームアプリケーション実行部は、少なくとも前記第１端末に対応する第１カメラの第１カメラ画像を用いて、前記第１ゲーム画像を生成可能である、請求項１に記載の情報処理システム。
【請求項３】
  前記ゲームアプリケーション実行部は、前記第１カメラ画像の使用時にフラグを設定し、
  前記第１情報は、前記フラグに基づく、請求項２に記載の情報処理システム。
【請求項４】
  前記ゲームアプリケーション実行部は、前記同一のグループに所属する、前記第１端末以外の端末に対応するカメラのカメラ画像を取得可能であり、当該取得されるカメラ画像を用いて前記第１ゲーム画像を生成可能である、請求項１に記載の情報処理システム。
【請求項５】
  前記複数の端末間でのカメラ画像を用いたチャットを実行するチャット実行部をさらに備え、
  前記制限設定部は、当該チャットの実行時における前記カメラ画像の使用を制限する、請求項１に記載の情報処理システム。
【請求項６】
  前記チャット実行部は、前記チャットの実行中に前記カメラ画像を取得し、
  前記ゲームアプリケーション実行部は、前記チャット実行部によって取得された前記カメラ画像を取得する、請求項５に記載の情報処理システム。
【請求項７】
  前記チャット実行部は、前記複数の端末のうち少なくとも一部の端末におけるユーザ操作に応じて実行されるゲーム処理により生成されたゲーム画像を、前記複数の端末のうち少なくとも他の端末において表示させる、請求項５に記載の情報処理システム。
【請求項８】
  前記第１端末は、第１の通信部を備え、前記第１ゲーム画像および前記第１情報に基づくデータストリームを第２端末に送信する、請求項１に記載の情報処理システム。
【請求項９】
  前記第１ゲーム画像の画像データがフラグを含むときに、前記データストリームは、当該画像データから当該フラグを取り除いた上で生成されるデータと、当該取り除いたフラグを示すデータとを含む、請求項８に記載の情報処理システム。
【請求項１０】
  前記データストリームは、Ｈ．２６４（ＭＰＥＧ－４  ＡＶＣ）規格に従う、請求項８または９に記載の情報処理システム。
【請求項１１】
  前記表示態様決定部は、前記第２端末においてカメラ画像の表示の制限が設定されているとき、前記第１情報に基づいて、カメラ画像を含む前記第１ゲーム画像を表示しない、または、少なくとも前記カメラ画像が判別できない態様で第１ゲーム画像を表示することを決定する、請求項１に記載の情報処理システム。
【請求項１２】
  情報処理方法であって、
  同一のグループに所属する、第１端末および第２端末を含む複数の端末間のデータ通信を行うステップと、
  前記同一のグループに所属するいずれかの端末に対応するカメラのカメラ画像を取得するステップと、
  ユーザ操作に応じて、前記第２端末における、少なくとも前記第２端末以外の端末に対応するカメラのカメラ画像の表示の制限を設定するステップと、
  前記第１端末におけるユーザ操作に応じてゲーム処理を実行し、第１ゲーム画像および第１情報を出力するステップと、
  前記表示の制限の設定および前記第１情報に基づいて、前記第２端末における前記第１ゲーム画像の表示態様を決定するステップとを備える、情報処理方法。
【請求項１３】
  端末であって、
  同一のグループに所属する他の端末がゲーム処理を実行することで出力されるゲーム画像および第１情報を取得するゲーム画像取得部と、
  前記同一のグループに所属するいずれかの端末に対応するカメラのカメラ画像を取得するカメラ画像取得部と、
  ユーザ操作に応じて、前記端末における、少なくとも前記端末以外の端末に対応するカメラのカメラ画像の表示の制限を設定する制限設定部と、
  前記表示の制限の設定および前記第１情報に基づいて、前記端末における前記ゲーム画像の表示態様を決定する表示態様決定部とを備える、端末。
【請求項１４】
  プログラムであって、１または複数のプロセッサに、
  同一のグループに所属する他の端末がゲーム処理を実行することで出力されるゲーム画像および第１情報を取得するステップと、
  前記同一のグループに所属するいずれかの端末に対応するカメラのカメラ画像を取得するステップと、
  ユーザ操作に応じて、前記端末における、少なくとも前記端末以外の端末に対応するカメラのカメラ画像の表示の制限を設定するステップと、
  前記表示の制限の設定および前記第１情報に基づいて、前記端末における前記ゲーム画像の表示態様を決定するステップとを実行させる、プログラム。"
特開2025-162494,特願2024-108752,2024/7/5,2025/10/27,システム、送信端末、受信端末、方法、および、プログラム,任天堂株式会社,"G09G5/00,555@D,H04N7/18@U,G09G5/00,510@V,G09G5/00,550@C,G09G5/37,320,G09G5/373,100",特開2025-162494,,,,,審査中,公開公報の発行,https://www.j-platpat.inpit.go.jp/c1801/PU/JP-2025-162494/11/ja,"【課題】カメラの撮像画像に基づいて生成される画像データを受信する装置において、適切な画像表示を実現できる仕組みを提供する。
【解決手段】少なくとも１つの送信端末と少なくとも１つの受信端末とを備えるシステムが提供される。送信端末は、第１画像データを生成する第１画像生成部と、第１画像データを送信する送信部とを含む。第１画像生成部は、カメラの撮像画像に人体の一部が含まれる場合に、当該撮像画像の一部の領域であって、当該人体の一部を含む領域の画像を第１画像データとして生成する。送信部は、撮像画像における人体の撮像状態に基づく状態データを送信する。受信端末は、第１画像データおよび状態データを受信する受信部と、状態データに基づいて、第１画像データに基づく画像、または、第１画像データに代えて第２画像データに基づく画像を含む、表示部に表示するための画像を生成する第２画像生成部とを含む。","【請求項１】
  少なくとも１つの送信端末と少なくとも１つの受信端末とを備えるシステムであって、
  前記送信端末は、
    第１画像データを生成する第１画像生成部と、
    前記第１画像データを送信する送信部とを備え、
  前記第１画像生成部は、カメラの撮像画像に人体の一部が含まれる場合に、当該撮像画像の一部の領域であって、当該人体の一部を含む領域の画像を前記第１画像データとして生成し、
  前記送信部は、前記撮像画像における人体の撮像状態に基づく状態データを送信し、
  前記受信端末は、
    前記第１画像データおよび前記状態データを受信する受信部と、
    前記状態データに基づいて、前記第１画像データに基づく画像、または、前記第１画像データに代えて第２画像データに基づく画像を含む、表示部に表示するための画像を生成する第２画像生成部とを備える、システム。
【請求項２】
  前記第１画像生成部は、第１条件が満たされる場合に、所定の画像データを前記第１画像データとして生成し、
  前記第１条件は、前記撮像画像に人体の一部が含まれない場合に満たされる条件であり、
  前記状態データは、前記撮像画像に人体の一部が含まれないことを示す第１データを含む、請求項１に記載のシステム。
【請求項３】
  第１画像生成部は、前記第１条件とは異なる第２条件が満たされる場合にも、前記所定の画像データを前記第１画像データとして生成し、
  前記送信部は、前記第１条件が満たされず、かつ、前記第２条件が満たされる場合に、前記第１画像データを送信する一方で、前記第１データを送信しない、請求項２に記載のシステム。
【請求項４】
  前記第２条件は、前記カメラの撮像画像を送信しないことが選択された場合に満たされる条件である、請求項３に記載のシステム。
【請求項５】
  前記第１画像生成部は、前記撮像画像における人体の一部を含む領域が所定の画像サイズより小さい場合に、当該人体の一部を含む領域を拡大した画像を前記第１画像データとして生成し、
  前記状態データは、前記撮像画像に含まれる当該人体の一部の大きさを示す第２データを含む、請求項１に記載のシステム。
【請求項６】
  前記第１画像データの画像サイズは、予め定められている、請求項５に記載のシステム。
【請求項７】
  前記第１画像生成部は、前記第１画像データの画像に占める前記人体の一部の面積が所定の割合の範囲に収まるように、前記第１画像データを生成する、請求項５に記載のシステム。
【請求項８】
  前記第２データは、拡大率である、請求項５に記載のシステム。
【請求項９】
  前記人体の一部は、人物の顔である、請求項１～８のいずれか１項に記載のシステム。
【請求項１０】
  前記送信部は、前記第１画像データおよび前記状態データを含む、Ｈ．２６４規格に従うストリームデータを送信し、
  前記ストリームデータは、前記第１画像データを含む第１のＮＡＬユニットと、前記状態データを含む第２のＮＡＬユニットとを含む、請求項１～８のいずれか１項に記載のシステム。
【請求項１１】
  １または複数の受信端末とネットワーク接続された送信端末であって、
  カメラの撮像画像に基づいて第１画像データを生成する第１画像生成部と、
  前記第１画像データを送信する送信部とを備え、
  前記第１画像生成部は、前記撮像画像に人体の一部が含まれる場合に、当該撮像画像の一部の領域であって、当該人体の一部を含む領域の画像を前記第１画像データとして生成する、送信端末。
【請求項１２】
  １または複数の送信端末とネットワーク接続された受信端末であって、
  前記送信端末は、
    第１画像データを生成する第１画像生成部と、
    前記第１画像データを送信する送信部とを備え、
  前記第１画像生成部は、カメラの撮像画像に人体の一部が含まれる場合に、当該撮像画像の一部の領域であって、当該人体の一部を含む領域の画像を前記第１画像データとして生成し、
  前記送信部は、前記撮像画像における人体の撮像状態に基づく状態データを送信し、
  前記受信端末は、
    前記第１画像データおよび前記状態データを受信する受信部と、
    前記状態データに基づいて、前記第１画像データに基づく画像、または、前記第１画像データに代えて第２画像データに基づく画像を含む、表示部に表示するための画像を生成する第２画像生成部とを備える、受信端末。
【請求項１３】
  送信端末が、第１画像データを生成するステップを備え、カメラの撮像画像に人体の一部が含まれる場合に、当該撮像画像の一部の領域であって、当該人体の一部を含む領域の画像が前記第１画像データとして生成され、
  前記送信端末が、前記第１画像データおよび前記撮像画像における人体の撮像状態に基づく状態データを送信するステップと、
  受信端末が、前記第１画像データおよび前記状態データを受信するステップと、
  前記受信端末が、前記状態データに基づいて、前記第１画像データに基づく画像、または、前記第１画像データに代えて第２画像データに基づく画像を含む、表示部に表示するための画像を生成するステップとを備える、方法。
【請求項１４】
  ネットワーク接続されたコンピュータに、
  第１画像データを生成するステップを実行させ、カメラの撮像画像に人体の一部が含まれる場合に、当該撮像画像の一部の領域であって、当該人体の一部を含む領域の画像が前記第１画像データとして生成され、さらに
  前記第１画像データおよび前記撮像画像における人体の撮像状態に基づく状態データを送信するステップと、
  前記第１画像データおよび前記状態データを受信するステップと、
  前記状態データに基づいて、前記第１画像データに基づく画像、または、前記第１画像データに代えて第２画像データに基づく画像を含む、表示部に表示するための画像を生成するステップとを実行させる、プログラム。"
特開2025-162493,特願2024-108751,2024/7/5,2025/10/27,情報処理システム、情報処理装置、配信方法、および、配信プログラム,任天堂株式会社,"G09G5/377,100,A63F13/86,G09G5/00,550@C,G09G5/00,555@D,G09G5/37,320,G09G5/00,555@A,G09G5/37,200,G09G5/377,110,H04N21/431,H04N7/18@U,H04L67/131",特開2025-162493,,,,,審査中,公開公報の発行,https://www.j-platpat.inpit.go.jp/c1801/PU/JP-2025-162493/11/ja,"【課題】カメラから取得される人物の画像を配信先においてフレキシブルに利用できる仕組みが提供される。
【解決手段】情報処理システムは、実行中のゲームの画像データを含む第１データと、カメラから取得される撮像画像データおよび当該撮像画像データに含まれる人物の領域を示す領域データを含む第２データとを配信する配信端末と、配信端末から第１データおよび第２データを受信し、領域データに基づいて、撮像画像データのうちの人物の領域が配信端末で実行中のゲームの画像に重畳して表示される配信表示画像を生成する受信端末とを含む。","【請求項１】
  実行中のゲームの画像データを含む第１データと、カメラから取得される撮像画像データおよび当該撮像画像データに含まれる人物の領域を示す領域データを含む第２データとを配信する配信端末と、
  前記配信端末から前記第１データおよび前記第２データを受信し、前記領域データに基づいて、前記撮像画像データのうちの前記人物の領域が前記配信端末で実行中のゲームの画像に重畳して表示される配信表示画像を生成する受信端末とを備える、情報処理システム。
【請求項２】
  前記第２データにおいて、前記撮像画像データは第１圧縮方法によりデータ圧縮され、前記領域データは第１圧縮方法とは異なる第２圧縮方法によりデータ圧縮される、請求項１に記載の情報処理システム。
【請求項３】
  前記第２圧縮方法は、前記第１圧縮方法に比較して、データの損失が少ない、請求項２に記載の情報処理システム。
【請求項４】
  前記第１圧縮方法は、非可逆圧縮であり、
  前記第２圧縮方法は、可逆圧縮である、請求項２に記載の情報処理システム。
【請求項５】
  前記第２データは、Ｈ．２６４規格に従うストリームデータであり、
  前記第２データは、前記撮像画像データを含む画像ストリームデータと、前記領域データを含む非画像ストリームデータとを含む、請求項１に記載の情報処理システム。
【請求項６】
  前記画像ストリームデータの各々は、画像データが含まれることを示す制御情報と、１フレーム分の前記撮像画像データとを含むＮＡＬユニットであり、
  前記非画像ストリームデータの各々は、非画像データが含まれることを示す制御情報と、１フレーム分の前記領域データとを含むＮＡＬユニットである、請求項５に記載の情報処理システム。
【請求項７】
  前記受信端末は、前記第１データに含まれる前記領域データに基づいて、前記第１データに含まれる前記撮像画像データのうち前記人物の領域以外の領域を、重畳先の前記実行中のゲームの画像が優先して表示されるように設定する、請求項１～６のいずれか１項に記載の情報処理システム。
【請求項８】
  前記領域データは、前記撮像画像データに含まれる人物の輪郭に基づいて生成される、請求項１～６のいずれか１項に記載の情報処理システム。
【請求項９】
  １または複数の配信端末とネットワーク接続された情報処理装置であって、
  前記配信端末は、前記配信端末で実行中のゲームの画像データを含む第１データと、カメラから取得される撮像画像データおよび当該撮像画像データに含まれる人物の領域を示す領域データを含む第２データとを配信し、
  前記情報処理装置は、
    前記配信端末から前記第１データおよび前記第２データを受信する受信部と、
    前記領域データに基づいて、前記撮像画像データのうちの前記人物の領域が前記配信端末で実行中のゲームの画像に重畳して表示される配信表示画像を生成する生成部とを備える、情報処理装置。
【請求項１０】
  配信端末が、前記配信端末で実行中のゲームの画像データを含む第１データと、カメラから取得される撮像画像データおよび当該撮像画像データに含まれる人物の領域を示す領域データを含む第２データとを配信するステップと、
  受信端末が、前記配信端末から前記第１データおよび前記第２データを受信するステップと、
  前記受信端末が、前記第１データおよび前記第２データを受信し、前記領域データに基づいて、前記撮像画像データのうちの前記人物の領域が前記配信端末で実行中のゲームの画像に重畳して表示される配信表示画像を生成するステップとを備える、配信方法。
【請求項１１】
  配信プログラムであって、ネットワーク接続されたコンピュータに、
  前記コンピュータで実行中のゲームの画像データを含む第１データと、カメラから取得される撮像画像データおよび当該撮像画像データに含まれる人物の領域を示す領域データを含む第２データとを配信するステップと、
  他のコンピュータから、前記他のコンピュータで実行中のゲームの画像データを含む第３データと、カメラから取得される撮像画像データおよび当該撮像画像データに含まれる人物の領域を示す領域データを含む第４データとを受信し、前記第３データに含まれる領域データに基づいて、前記第４データに含まれる撮像画像データのうちの前記人物の領域が前記他のコンピュータで実行中のゲームの画像に重畳して表示される配信表示画像を生成するステップとを実行させる、配信プログラム。"
特開2025-160887,特願2025-048263,2025/3/24,2025/10/23,情報処理プログラム、情報処理システム、および情報処理方法,任天堂株式会社,"A63F13/211,A63F13/428,G06F3/0487,G06F3/0354,440",特開2025-160887,,,,,審査中,公開公報の発行,https://www.j-platpat.inpit.go.jp/c1801/PU/JP-2025-160887/11/ja,"【課題】入力装置に応じたジャイロ補正のユーザビリティを改善すること。
【解決手段】第１条件を満たしたことに基づいて、入力装置のマウスセンサデータに基づいて第１オブジェクトを操作する第１操作モードから、入力装置のジャイロセンサデータに基づいて第２オブジェクトを操作する第２操作モードに移行させ、重力方向に垂直な方向の向きのジャイロ補正を実行する。","【請求項１】
  １以上のプロセッサを含むコンピュータに実行させる情報処理プログラムであって、
  前記プロセッサに、
    第１操作モードにおいて、入力装置のマウスセンサから出力されるマウスセンサデータに基づいて第１オブジェクトを操作させ、
    第２操作モードにおいて、前記入力装置のジャイロセンサデータに基づいて第２オブジェクトを操作させ、
    第１条件を満たしたことに基づいて、前記第１操作モードから前記第２操作モードに移行させ、重力方向に垂直な方向の向きのジャイロ補正を実行させる、情報処理プログラム。
【請求項２】
  前記プロセッサに、
    前記入力装置の長手方向が向く方向のうち、重力方向に垂直な方向の成分が向く方向を正面とする前記ジャイロ補正を実行させる、請求項１に記載の情報処理プログラム。
【請求項３】
  前記プロセッサに、
    前記第１操作モードにおいて、前記入力装置のジャイロセンサデータに基づいて前記第１オブジェクトを操作させない、請求項１に記載の情報処理プログラム。
【請求項４】
  前記第１オブジェクトと前記第２オブジェクトとは、異なるオブジェクトである、請求項１に記載の情報処理プログラム。
【請求項５】
  前記入力装置の底面には、前記マウスセンサの採光口が設けられ、
  前記第１条件は、前記採光口が塞がれていないときに成立する条件を含む、請求項１に記載の情報処理プログラム。
【請求項６】
  前記入力装置の底面には、前記マウスセンサの採光口が設けられ、
  前記第１条件は、前記底面に平行であって、ユーザに前記入力装置が把持されたときに手前から奥に延びる前記入力装置の長手軸が、重力方向に垂直な方向に対して所定角度以上傾いていることを含む、請求項１に記載の情報処理プログラム。
【請求項７】
  前記第１条件は、前記底面に平行であって前記長手軸に垂直な前記入力装置の短手軸の、重力方向に垂直な方向に対する傾きに関する条件を含まない、請求項６に記載の情報処理プログラム。
【請求項８】
  前記プロセッサに、
    前記第１条件を満たしたことに基づいて、前記ジャイロ補正を実行させる、請求項１に記載の情報処理プログラム。
【請求項９】
  前記プロセッサに、
    前記入力装置の長手方向を向く長手軸回りの回転方向の動きに基づいて前記第２オブジェクトを制御させる、請求項１に記載の情報処理プログラム。
【請求項１０】
  １以上のプロセッサを備える情報処理システムであって、
  前記プロセッサは、
    第１操作モードにおいて、入力装置のマウスセンサから出力されるマウスセンサデータに基づいて第１オブジェクトを操作し、
    第２操作モードにおいて、前記入力装置のジャイロセンサデータに基づいて第２オブジェクトを操作し、
    第１条件を満たしたことに基づいて、前記第１操作モードから前記第２操作モードに移行させ、重力方向に垂直な方向の向きのジャイロ補正を実行する、情報処理システム。
【請求項１１】
  １以上のプロセッサを含むコンピュータにより実現される情報処理方法であって、
  第１操作モードにおいて、入力装置のマウスセンサから出力されるマウスセンサデータに基づいて第１オブジェクトを操作し、
  第２操作モードにおいて、前記入力装置のジャイロセンサデータに基づいて第２オブジェクトを操作し、
  第１条件を満たしたことに基づいて、前記第１操作モードから前記第２操作モードに移行させ、重力方向に垂直な方向の向きのジャイロ補正を実行する、情報処理方法。"
特開2025-160875,特願2025-014927,2025/1/31,2025/10/23,プログラム、情報処理システム、および情報処理方法,任天堂株式会社,"A63F13/22,A63F13/24,A63F13/211,G06F3/0346",特開2025-160875,,,,,審査中,公開公報の発行,https://www.j-platpat.inpit.go.jp/c1801/PU/JP-2025-160875/11/ja,"【課題】コントローラの操作態様に応じた適切な操作モードを提供する。
【解決手段】第１入力装置の慣性センサデータとマウスセンサデータとを含む第１入力装置データを取得させ、第２入力装置の慣性センサデータとマウスセンサデータとを含む第２入力装置データを取得させ、第１入力装置データおよび第２入力装置データに基づいて、設定された操作モードに応じた処理を実行させ、第１入力装置の姿勢が第１条件を満たすことに基づいて、第１操作モードを設定させ、第２入力装置の姿勢が第２条件を満たすことに基づいて、第１操作モードを設定させ、第１入力装置の姿勢が第３条件を満たし、かつ、第２入力装置の姿勢が第４条件を満たすことに基づいて、第２操作モードを設定させ、第１操作モードに応じた処理は、第１マウスデータまたは第２マウスデータの少なくとも一方に基づいてオブジェクトが操作される処理を含む。","【請求項１】
  コンピュータに、
  第１入力装置の慣性センサ出力に応じた第１慣性データと当該第１入力装置のマウスセンサの出力に応じた第１マウスデータとを含む第１入力装置データを取得させ、
  第２入力装置の慣性センサ出力に応じた第２慣性データと当該第２入力装置のマウスセンサの出力に応じた第２マウスデータとを含む第２入力装置データを取得させ、
  第１入力装置データおよび第２入力装置データに基づいて、設定された操作モードに応じた処理を実行させ、
  前記第１入力装置の姿勢が第１条件を満たすことに基づいて、第１操作モードを設定させ、
  前記第２入力装置の姿勢が第２条件を満たすことに基づいて、前記第１操作モードを設定させ、
  前記第１入力装置の姿勢が第３条件を満たし、かつ、前記第２入力装置の姿勢が第４条件を満たすことに基づいて、第２操作モードを設定させ、
  前記第１操作モードに応じた処理は、前記第１マウスデータまたは前記第２マウスデータの少なくとも一方に基づいてオブジェクトが操作される処理を含む、
プログラム。
【請求項２】
  前記第１条件は、前記第１入力装置のマウスセンサ開口が少なくとも重力方向を向くときに満たされる条件であり、
  前記第２条件は、前記第２入力装置のマウスセンサ開口が少なくとも重力方向を向くときに満たされる条件である、
  請求項１に記載のプログラム。
【請求項３】
  前記第３条件は、前記第１入力装置のマウスセンサ開口が少なくとも重力方向に垂直な方向を向くときに満たされる条件であり、
  前記第４条件は、前記第２入力装置のマウスセンサ開口が少なくとも重力方向に垂直な方向を向くときに満たされる条件である、
  請求項２に記載のプログラム。
【請求項４】
  前記第１入力装置の姿勢が前記第１条件を満たし、かつ、前記第１入力装置のマウスセンサ開口が塞がっているときに満たされる条件を満たすことに基づいて、前記第１モードを設定させ、
  前記第２入力装置の姿勢が前記第２条件を満たし、かつ、前記第２入力装置のマウスセンサ開口が塞がっているときに満たされる条件を満たすことに基づいて、前記第１モードを設定させる、
  請求項３に記載のプログラム。
【請求項５】
  前記第１入力装置のマウスセンサ開口が塞がっているときに満たされる条件および前記第２入力装置のマウスセンサ開口が塞がっているときに満たされる条件が満たされているか否かに関わらず、
    前記第１入力装置の姿勢が第３条件を満たし、かつ、前記第２入力装置の姿勢が第４条件を満たすことに基づいて、第２操作モードを設定させる、
  請求項４に記載のプログラム。
【請求項６】
  前記第２操作モードに応じた処理は、前記第１マウスデータおよび前記第２マウスデータに基づいて前記オブジェクトが操作されない処理である、
  請求項１に記載のプログラム。
【請求項７】
  前記第２操作モードに応じた処理は、前記第１マウスデータおよび前記第２マウスデータに基づいていずれのオブジェクトも操作されない処理である、
  請求項４に記載のプログラム。
【請求項８】
  前記オブジェクトはカーソルであり、
  前記第１入力装置データには、前記第１入力装置の操作部に対するユーザ操作に応じた第１操作部データが含まれ、
  前記第２操作モードに応じた処理は、前記第１操作部データに基づいて前記カーソルが移動される処理を含む、
  請求項１に記載のプログラム。
【請求項９】
  前記第１操作モードに応じた処理は、前記第１マウスデータまたは前記第２マウスデータの少なくとも一方に基づいて前記カーソルが連続的に移動される処理を含み、
  前記第２操作モードに応じた処理は、前記第１操作部データに基づいて、前記カーソルが不連続的に移動される処理を含む、
  請求項８に記載のプログラム。
【請求項１０】
  前記第１操作モードが設定されているときに表示される前記カーソルと、前記第２操作モードが設定されているときに表示される前記カーソルは同じである、
  請求項９に記載のプログラム。
【請求項１１】
  前記第１入力装置および前記第２入力装置が操作されていないとき、
  前記第１操作モードが設定されているときに表示される前記カーソルは停止され、前記第２操作モードが設定されているときに表示される前記カーソルは動かされる、
  請求項１０に記載のプログラム。
【請求項１２】
  前記第１操作モードに応じた処理は、前記第１マウスデータおよび前記第２マウスデータのいずれにも基づいてオブジェクトが操作される処理を含む、
  請求項１に記載のプログラム。
【請求項１３】
  前記コンピュータに、ゲーム処理を実行させ、
  当該ゲーム処理は、前記第１マウスデータおよび前記第２マウスデータのいずれも用いれるゲーム部分と、前記第１操作モードと前記第２操作モードを含む複数の操作モードのうちのいずれかの操作モードが設定されるメニュー部分と、を含む、
  請求項１～１２に記載のプログラム。
【請求項１４】
  第１入力装置の慣性センサ出力に応じた第１慣性データと当該第１入力装置のマウスセンサの出力に応じた第１マウスデータとを含む第１入力装置データを取得することと、
  第２入力装置の慣性センサ出力に応じた第２慣性データと当該第２入力装置のマウスセンサの出力に応じた第２マウスデータとを含む第２入力装置データを取得することと、
  第１入力装置データおよび第２入力装置データに基づいて、設定された操作モードに応じた処理を実行することと、
  前記第１入力装置の姿勢が第１条件を満たすことに基づいて、第１操作モードを設定することと、
  前記第２入力装置の姿勢が第２条件を満たすことに基づいて、前記第１操作モードを設定することと、
  前記第１入力装置の姿勢が第３条件を満たし、かつ、前記第２入力装置の姿勢が第４条件を満たすことに基づいて、第２操作モードを設定することとを含み、、
  前記第１操作モードに応じた処理は、前記第１マウスデータまたは前記第２マウスデータの少なくとも一方に基づいてオブジェクトが操作される処理を含む、
情報処理方法。
【請求項１５】
  少なくとも一つのプロセッサを含む情報処理システムであって、
  前記プロセッサは、
    第１入力装置の慣性センサ出力に応じた第１慣性データと当該第１入力装置のマウスセンサの出力に応じた第１マウスデータとを含む第１入力装置データを取得し、
    第２入力装置の慣性センサ出力に応じた第２慣性データと当該第２入力装置のマウスセンサの出力に応じた第２マウスデータとを含む第２入力装置データを取得し、
    第１入力装置データおよび第２入力装置データに基づいて、設定された操作モードに応じた処理を実行し、
    前記第１入力装置の姿勢が第１条件を満たすことに基づいて、第１操作モードを設定し、
    前記第２入力装置の姿勢が第２条件を満たすことに基づいて、前記第１操作モードを設定し、
    前記第１入力装置の姿勢が第３条件を満たし、かつ、前記第２入力装置の姿勢が第４条件を満たすことに基づいて、第２操作モードを設定し、
  前記第１操作モードに応じた処理は、前記第１マウスデータまたは前記第２マウスデータの少なくとも一方に基づいてオブジェクトが操作される処理を含む、
情報処理システム。"
特開2025-160403,特願2025-127939,2025/7/31,2025/10/22,周辺機器およびシステム,任天堂株式会社,"A63F13/213,A63F13/92,A63F13/98,G06F3/0354",特開2025-160403,,,,,審査請求前,公開公報の発行,https://www.j-platpat.inpit.go.jp/c1801/PU/JP-2025-160403/11/ja,"【課題】入力装置に対して装着される新規な周辺機器を提供する。
【解決手段】入力装置が着脱自在に装着される周辺機器は、装着部と、当接部と、を有している。入力装置は、正面に設けられた入力部と、側面から突出し、ゲーム装置に設けられたゲーム装置装着部に着脱自在に装着される凸部と、凸部の天面に設けられた第１開口を通るトラッキング面Ｆからの反射光に基づいて入力装置のトラッキング面に対する相対的な移動に関する信号を出力するマウス操作用センサと、を備えている。装着部には、第１開口の少なくとも一部が露出するように凸部が装着される。当接部は、周辺機器に装着された入力装置の露出した第１開口がトラッキング面と対向するように当該トラッキング面に載置されたときに、少なくとも一部がトラッキング面の面方向に関して天面よりも外側でトラッキング面と当接する。","【請求項１】
  入力装置が着脱自在に装着される周辺機器であって、
  前記入力装置は、
    正面に設けられた入力部と、
    側面から突出し、ゲーム装置に設けられたゲーム装置装着部に着脱自在に装着される凸部と、
    前記凸部の天面に設けられた第１開口を通るトラッキング面からの反射光に基づいて前記入力装置の前記トラッキング面に対する相対的な移動に関する信号を出力するマウス操作用センサと、を備え、
  前記第１開口の少なくとも一部が露出するように前記凸部が装着される装着部と、
  前記周辺機器に装着された前記入力装置の露出した前記第１開口が前記トラッキング面と対向するように当該トラッキング面に載置されたときに、少なくとも一部が前記トラッキング面の面方向に関して前記天面よりも外側で前記トラッキング面と当接する当接部と、を備える、周辺機器。
【請求項２】
  前記装着部は、前記凸部が嵌る孔を含む、請求項１に記載の周辺機器。
【請求項３】
  前記装着部は、前記凸部が嵌る凹みを含み、当該凹みの凹み底面は、前記第１開口と対向する孔を有する、請求項１に記載の周辺機器。
【請求項４】
  前記凸部は、磁力によって吸着可能な磁性ボタンを備え、
  前記装着部は、前記凹みの底に設けられ且つ前記磁性ボタンが吸着する磁石を備える、請求項３に記載の周辺機器。
【請求項５】
  前記入力装置は、ユーザの操作に応じて前記凸部の前記天面から突出するプッシャーを備え、
  前記凹み底面は、前記プッシャーが当接するプッシャー当接部を備える、請求項３または請求項４に記載の周辺機器。
【請求項６】
  前記凹みは、前記プッシャーが突出しても前記凸部の前記天面の全体が前記凹みから露出しない大きさを有している、請求項５に記載の周辺機器。
【請求項７】
  前記天面は、前記側面からの高さが最も高い天面第１領域と、当該天面第１領域よりも低い天面第２領域を有し、
  前記凹み底面は、前記天面第１領域に対向する底面第１領域と、前記天面第２領域に対向し前記底面第１領域よりも浅い底面第２領域を有する、請求項３に記載の周辺機器。
【請求項８】
  前記装着部は、前記トラッキング面に対向する下方面と、前記下方面の反対側にある上方面と、を備え、
  前記下方面の長さは、前記上方面の長さよりも大きい、請求項１から請求項７のいずれか１項に記載の周辺機器。
【請求項９】
  前記周辺機器は、一面に前記当接部を有する支持部と、当該支持部の前記一面の反対面から突出して前記凸部の外周面の少なくとも一部を覆う壁と、を有する、請求項１から請求項８のいずれか１項に記載の周辺機器。
【請求項１０】
  前記凸部の外周面は、前記凸部の長手方向の一方の端面に設けられた第１係合穴と、前記凸部の長手方向の他方の端面に設けられた第２係合穴とを含み、
  前記第１係合穴は、前記第２係合穴と異なる形状を有し、
  前記装着部は、前記第１係合穴および前記第２係合穴のうち少なくとも一方の係合穴に係合する爪を含む、請求項１から請求項９のいずれか１項に記載の周辺機器。
【請求項１１】
  前記装着部は、少なくとも前記第１係合穴に係合する非可動の第１爪と、少なくとも前記第２係合穴に係合する可動の第２爪を含む、請求項１０に記載の周辺機器。
【請求項１２】
  前記第１爪は、前記第１係合穴に係合するが前記第２係合穴には係合せず、
  前記第２爪は、前記第２係合穴に係合するが前記第１係合穴には係合せず、
  前記第１爪に対して前記第２爪と反対側にストラップ取付け部を備えている、請求項１１に記載の周辺機器。
【請求項１３】
  前記周辺機器は周辺機器本体部を有し、
  前記周辺機器本体部は、前記第２爪が移動可能な内部空間と、
  前記内部空間に連通する第２開口を有し、
  前記第２開口は、前記当接部の少なくとも一部を形成するマウスソール部材によって塞がれる、請求項１２に記載の周辺機器。
【請求項１４】
  前記第２爪は可動であり、
  前記第２爪は、前記第２係合穴に係合する爪部と、前記爪部の反対側にある第２爪端部とを有し、
  前記周辺機器は、前記第２爪端部が露出する第３開口を有する、請求項１２に記載の周辺機器。
【請求項１５】
  前記凸部の前記天面には少なくとも１つのボタンが設けられ、
  前記装着部は、少なくとも１つの前記ボタンが露出するように前記凸部が装着されるように構成される、請求項１から請求項１４のいずれか１項に記載の周辺機器。
【請求項１６】
  少なくとも１つの前記ボタンは、前記凸部の長手方向に並ぶ第１ボタンおよび第２ボタンを有し、
  前記周辺機器は、前記入力装置が前記周辺機器に装着されたときに前記第１ボタンおよび前記第２ボタンの各々の前後方向の位置に切欠部を有する、請求項１５に記載の周辺機器。
【請求項１７】
  前記当接部は、前記面方向に関して前記側面よりも外側で前記トラッキング面と当接する部分を含む、請求項１から請求項１６のいずれか１項に記載の周辺機器。
【請求項１８】
  前記入力装置が前記周辺機器に装着されていないときに前記凸部の前記天面が前記トラッキング面に当接する部分の面積よりも、前記周辺機器の前記当接部の面積が大きい、請求項１から請求項１７のいずれか１項に記載の周辺機器。
【請求項１９】
  前記マウス操作用センサは、当該マウス操作用センサと前記トラッキング面との距離が第１距離から当該第１距離よりも大きい第２距離の範囲内であるとき前記トラッキング面に対する相対的な移動を反映した信号を出力可能であって、
  前記マウス操作用センサは、前記入力装置が、前記第１開口が前記トラッキング面に対向するように載置されたときにおける前記マウス操作用センサと前記トラッキング面との第１離間距離は、前記第１距離と前記第２距離との中央値と前記第１距離との間となるように前記入力装置に設けられ、
  前記周辺機器に前記入力装置が装着されたときにおける前記マウス操作用センサと前記トラッキング面との第２離間距離が、前記第２距離以下になるように構成される、請求項１から請求項１８のいずれか１項に記載の周辺機器。
【請求項２０】
  前記凸部の前記天面には入力装置マウスソール部材が設けられており、
  前記周辺機器に前記入力装置が装着されたとき、前記凸部の前記天面の長手方向に関して、前記当接部の端部は、前記入力装置マウスソール部材の端部よりも外側に位置している、請求項１から請求項１９のいずれか１項に記載の周辺機器。
【請求項２１】
  前記凸部の前記天面の短手方向に関して、前記当接部の端部は、前記入力装置マウスソール部材の端部よりも外側に位置している、請求項２０に記載の周辺機器。
【請求項２２】
  前記周辺機器に前記入力装置が装着されたとき、前記入力装置マウスソール部材は前記トラッキング面に当接しない、請求項２０または請求項２１に記載の周辺機器。
【請求項２３】
  請求項１から請求項２２のいずれか１項に記載の周辺機器と、
  前記装着部を用いて前記周辺機器と装着される前記入力装置と、を備える、システム。"
特開2025-159546,特願2024-062194,2024/4/8,2025/10/21,ゲームプログラム、ゲームシステム、ゲーム装置、およびゲーム処理方法,任天堂株式会社,"A63F13/53,A63F13/55,A63F13/42,A63F13/577,G06F3/04815,G06F3/04845",特開2025-159546,,,,,審査請求前,公開公報の発行,https://www.j-platpat.inpit.go.jp/c1801/PU/JP-2025-159546/11/ja,"【課題】処理の対象とするオブジェクト等を容易に設定することを可能とするゲームプログラム、ゲームシステム、ゲーム装置、およびゲーム処理方法を提供する。
【解決手段】第１の操作入力に基づいて、３次元仮想空間においてプレイヤキャラクタを移動させ、第２の操作入力に応じた位置に設定される基準点とプレイヤキャラクタとを結ぶオブジェクトであって、プレイヤキャラクタの移動に基づいて形状が変化する第１オブジェクトを３次元仮想空間に生成させ、３次元仮想空間において第２オブジェクトが第１オブジェクトに囲まれた場合、当該第２オブジェクトを所定の処理の対象として設定させる。","【請求項１】
  情報処理装置のコンピュータに、
    第１の操作入力に基づいて、３次元仮想空間においてプレイヤキャラクタを移動させ、
    第２の操作入力に応じた位置に設定される基準点と前記プレイヤキャラクタとを結ぶオブジェクトであって、前記プレイヤキャラクタの移動に基づいて形状が変化する第１オブジェクトを前記３次元仮想空間に生成させ、
    前記３次元仮想空間において第２オブジェクトが前記第１オブジェクトに囲まれた場合、当該第２オブジェクトを所定の処理の対象として設定させる、ゲームプログラム。
【請求項２】
  前記コンピュータに、さらに、前記プレイヤキャラクタの位置に基づいて、前記基準点とは異なる位置に新たな基準点を設定させ、
  複数の前記基準点と前記プレイヤキャラクタとを直線で結ぶように前記第１オブジェクトの形状を変化させる、請求項１に記載のゲームプログラム。
【請求項３】
  前記プレイヤキャラクタの移動先の位置に応じた、前記基準点を中心とする前記第１オブジェクトの回転および前記基準点までの当該第１オブジェクトの長さの変化の少なくともいずれかにより、当該基準点と当該移動先の位置とを結ぶように当該第１オブジェクトの形状を変化させ、
  前記形状が変化した前記第１オブジェクトと前記第２オブジェクトとが接触したことに応じて、新たな基準点をさらに設定させる、請求項２に記載のゲームプログラム。
【請求項４】
  前記第１オブジェクトと前記第２オブジェクトとが接触したことに応じて、前記第２オブジェクトから離れた位置に前記新たな基準点を設定させる、請求項３に記載のゲームプログラム。
【請求項５】
  前記プレイヤキャラクタのさらなる移動に基づいて、前記対象として設定された前記第２オブジェクトに対して前記所定の処理を実行させる、請求項１に記載のゲームプログラム。
【請求項６】
  前記所定の処理は、前記対象として設定された前記第２オブジェクトを前記プレイヤキャラクタに対応付けて、当該プレイヤキャラクタのさらなる移動に応じて３次元仮想空間において移動させる処理である、請求項５に記載のゲームプログラム。
【請求項７】
  前記第２オブジェクトを囲う前記第１オブジェクト同士が前記３次元仮想空間の所定の方向から見て重なる位置と前記プレイヤキャラクタとの距離が所定距離以上となったことに基づいて、前記所定の処理を実行させる、請求項１に記載のゲームプログラム。
【請求項８】
  前記プレイヤキャラクタの移動によって前記基準点と当該プレイヤキャラクタとを結ぶ前記第１オブジェクトの部位が移動することに応じて、前記所定の方向から見て前記第１オブジェクト同士が重なる位置が変化する場合、当該変化した重なる位置を用いて前記所定の処理を実行させる、請求項７に記載のゲームプログラム。
【請求項９】
  前記重なる位置と前記プレイヤキャラクタとの距離が変化することに基づいて、少なくとも前記重なる位置と前記プレイヤキャラクタとの間を結ぶ部位の前記第１オブジェクトの表示態様を変化させる、請求項７または８に記載のゲームプログラム。
【請求項１０】
  前記第２オブジェクトが前記第１オブジェクトに囲まれた場合、前記第２オブジェクトが前記第１オブジェクトを囲っていない場合の前記第１オブジェクトの表示態様とは異なる表示態様に変化させる、請求項１に記載のゲームプログラム。
【請求項１１】
  前記コンピュータに、さらに、前記第２の操作入力に応じて、所定の条件を満たす前記第２オブジェクトに基づく位置に前記基準点が設定され、前記プレイヤキャラクタが当該第２オブジェクトから離れる方向に所定距離以上移動した場合に、当該第２オブジェクトを前記対象として前記所定の処理を実行させる、請求項１に記載のゲームプログラム。
【請求項１２】
  前記コンピュータに、さらに、第３の操作入力に基づいて、前記基準点とは異なる位置に新たな基準点を設定させ、
  複数の前記基準点と前記プレイヤキャラクタとを直線で結ぶように前記第１オブジェクトの形状を変化させる、請求項１に記載のゲームプログラム。
【請求項１３】
  前記コンピュータに、さらに、前記３次元仮想空間において前記基準点が設定された後の前記プレイヤキャラクタの移動経路に応じて、前記第１オブジェクトの形状を変化させる、請求項１に記載のゲームプログラム。
【請求項１４】
  プロセッサを備えたゲームシステムであって、
  前記プロセッサは、
    第１の操作入力に基づいて、３次元仮想空間においてプレイヤキャラクタを移動させ、
    第２の操作入力に応じた位置に設定される基準点と前記プレイヤキャラクタとを結ぶオブジェクトであって、前記プレイヤキャラクタの移動に基づいて形状が変化する第１オブジェクトを前記３次元仮想空間に生成し、
    前記３次元仮想空間において第２オブジェクトが前記第１オブジェクトに囲まれた場合、当該第２オブジェクトを所定の処理の対象として設定する、ゲームシステム。
【請求項１５】
  プロセッサを備えたゲーム装置であって、
  前記プロセッサは、
    第１の操作入力に基づいて、３次元仮想空間においてプレイヤキャラクタを移動させ、
    第２の操作入力に応じた位置に設定される基準点と前記プレイヤキャラクタとを結ぶオブジェクトであって、前記プレイヤキャラクタの移動に基づいて形状が変化する第１オブジェクトを前記３次元仮想空間に生成し、
    前記３次元仮想空間において第２オブジェクトが前記第１オブジェクトに囲まれた場合、当該第２オブジェクトを所定の処理の対象として設定する、ゲーム装置。
【請求項１６】
  情報処理システムによって実行されるゲーム処理方法であって、
  前記情報処理システムは、
    第１の操作入力に基づいて、３次元仮想空間においてプレイヤキャラクタを移動させ、
    第２の操作入力に応じた位置に設定される基準点と前記プレイヤキャラクタとを結ぶオブジェクトであって、前記プレイヤキャラクタの移動に基づいて形状が変化する第１オブジェクトを前記３次元仮想空間に生成し、
    前記３次元仮想空間において第２オブジェクトが前記第１オブジェクトに囲まれた場合、当該第２オブジェクトを所定の処理の対象として設定する、ゲーム処理方法。"
